CHROM	POS	MAF
2	2002630	0.84375
2	2004564	0.65625
2	2006687	0.277778
2	2006872	0.875
2	2007320	0.392857
2	2007485	0.916667
2	2007675	0.857143
2	2010779	0.941176
2	2014656	0.933333
2	2015561	0.911765
2	2016850	0.25
2	2016942	0.970588
2	2022115	0.96875
2	2022165	0.970588
2	2027293	0.911765
2	2027348	0.464286
2	2029943	0.875
2	2032193	0.6
2	2034625	0.911765
2	2034941	0.9375
2	2037222	0
2	2043151	0.84375
2	2043190	0.966667
2	2043349	0.875
2	2050818	0.911765
2	2056731	0.941176
2	2061754	0
2	2061883	0
2	2064772	0.705882
2	2066677	0.75
2	2069086	0.933333
2	2069394	0.882353
2	2070009	0.611111
2	2070405	0.911765
2	2077864	0.888889
2	2082546	0.5
2	2085137	0.0357143
2	2086374	0.970588
2	2088144	0.84375
2	2090280	0.941176
2	2091619	0.970588
2	2094952	0
2	2102333	0.916667
2	2102938	0.961538
2	2104124	0.805556
2	2110240	0.884615
2	2113081	0.866667
2	2114021	0.882353
2	2116870	0.535714
2	2118282	0.911765
2	2124706	0.9
2	2128585	0.0384615
2	2129234	0.9375
2	2131894	0.9375
2	2132565	0.852941
2	2154853	0.882353
2	2163076	0.03125
2	2163893	0.970588
2	2163909	0.96875
2	2165519	0.866667
2	2166479	0.928571
2	2167060	0.9375
2	2168664	0.882353
2	2168860	0.8
2	2169254	0.911765
2	2171105	0.875
2	2173328	0.923077
2	2173909	0.882353
2	2174956	0.888889
2	2175571	0.875
2	2176177	0.9
2	2178658	0.944444
2	2179180	0.941176
2	2179343	0.888889
2	2179821	0.9375
2	2180564	0.857143
2	2181193	0.941176
2	2181625	0.941176
2	2181865	0.911765
2	2181881	0.911765
2	2182206	0.875
2	2182454	0.888889
2	2182668	0.911765
2	2182734	0.852941
2	2183358	0.941176
2	2183747	0.958333
2	2185629	0.9375
2	2186162	0.941176
2	2190992	0.866667
2	2192750	0.823529
2	2195519	0.882353
2	2195995	0.972222
2	2196718	0.882353
2	2197231	0.966667
2	2197239	0.923077
2	2197513	0.90625
2	2198307	0.933333
2	2198509	0.833333
2	2200003	0.875
2	2202103	0.961538
2	2202864	0.90625
2	2203174	0.928571
2	2203225	0.933333
2	2203775	0.916667
2	2204365	0.90625
2	2204378	0.90625
2	2204863	0.888889
2	2204895	0.882353
2	2205751	0.928571
2	2211665	0.823529
2	2211888	0.884615
2	2213252	0.96875
2	2213509	0.866667
2	2214115	0.861111
2	2214468	0.0454545
2	2216320	0.852941
2	2216368	0.941176
2	2217132	0.911765
2	2219212	0.964286
2	2220495	0.866667
2	2220795	0.882353
2	2221061	0.794118
2	2222451	0.941176
2	2222530	0.769231
2	2222648	0.866667
2	2223972	0.5
2	2224090	0.6
2	2224361	0.545455
2	2225012	0.4375
2	2225023	0.566667
2	2225046	0.40625
2	2225144	0.866667
2	2225401	0.576923
2	2225715	0.6
2	2226513	0.529412
2	2227402	0.538462
2	2227635	0.566667
2	2227707	0.571429
2	2228245	0.617647
2	2228596	0.7
2	2229606	0.5
2	2229769	0.71875
2	2230085	0.764706
2	2231885	0.625
2	2232237	0.615385
2	2232743	0
2	2233208	0.333333
2	2233254	0.25
2	2233492	0.875
2	2233909	0.882353
2	2234442	0.5
2	2236281	0.294118
2	2236470	0.4375
2	2236799	0.625
2	2237152	0.388889
2	2237177	0.4
2	2237442	0.75
2	2237889	0.875
2	2238133	0.882353
2	2238329	0.75
2	2238636	0.964286
2	2239169	0.318182
2	2239487	0.0833333
2	2240856	0.545455
2	2240877	0.846154
2	2242047	0.733333
2	2242863	0.583333
2	2243044	0.625
2	2244388	0.638889
2	2244747	0.272727
2	2244872	0.678571
2	2245486	0.791667
2	2245622	0.59375
2	2245997	0.8125
2	2246129	0.882353
2	2248454	0.5
2	2248457	0.0666667
2	2248489	0.666667
2	2248527	0.821429
2	2248550	0.625
2	2249041	0.8125
2	2249052	0.6
2	2249553	0.90625
2	2249826	0.970588
2	2250105	0.861111
2	2254368	0.46875
2	2254567	0.966667
2	2254585	0.59375
2	2254698	0.55
2	2254963	0.0384615
2	2256417	0.59375
2	2257001	0.571429
2	2257724	0.538462
2	2259540	0.53125
2	2260418	0.65625
2	2261279	0
2	2261350	0.625
2	2263952	0.647059
2	2264068	0.818182
2	2268176	0.866667
2	2268311	0.0588235
2	2268395	0
2	2268413	0.892857
2	2268526	0.5
2	2268546	0.5
2	2268764	0.59375
2	2269629	0.882353
2	2270293	0.545455
2	2273899	0.529412
2	2274745	0.7
2	2276622	0
2	2276662	0.583333
2	2276705	0.772727
2	2282305	0.8125
2	2283069	0.653846
2	2283138	0.346154
2	2283434	0.678571
2	2283870	0.416667
2	2283935	0.875
2	2284083	0.470588
2	2284140	0.433333
2	2284303	0.433333
2	2284642	0.764706
2	2284710	0.46875
2	2284777	0.576923
2	2285095	0.555556
2	2285305	0.911765
2	2285497	0.941176
2	2285829	0.59375
2	2286497	0.90625
2	2288632	0.791667
2	2293940	0
2	2294426	0.84375
2	2294845	0.866667
2	2299297	0.666667
2	2302037	0.678571
2	2303730	0
2	2304650	0.9375
2	2331309	0.0454545
2	2337140	0.772727
2	2337226	0
2	2341475	0
2	2348856	0.735294
2	2348865	0
2	2349671	0.235294
2	2350286	0.972222
2	2350329	0
2	2350405	0
2	2350423	0
2	2350931	0.75
2	2352280	0.323529
2	2352354	0.676471
2	2352566	0.722222
2	2355341	0.538462
2	2355436	0.911765
2	2355993	0.392857
2	2356597	0.34375
2	2356661	0.766667
2	2356686	0
2	2356994	0
2	2357042	0.333333
2	2357645	0.0882353
2	2358148	0
2	2359329	0.0454545
2	2359536	0
2	2361291	0
2	2362612	0.875
2	2362910	0.305556
2	2363052	0.875
2	2363184	0.875
2	2364164	0
2	2364218	0.264706
2	2365772	0.25
2	2366251	0.285714
2	2366592	0
2	2366621	0
2	2366686	0
2	2368632	0.970588
2	2369355	0.972222
2	2369979	0.166667
2	2370946	0
2	2371324	0.733333
2	2371402	0.5
2	2372168	0.5
2	2372181	0.0384615
2	2373209	0.136364
2	2373384	0.571429
2	2373482	0.384615
2	2373511	0.464286
2	2373522	0.5
2	2373683	0.46875
2	2374379	0.357143
2	2375904	0.333333
2	2376779	0.611111
2	2376822	0.25
2	2377191	0.125
2	2378060	0.142857
2	2378266	0.6875
2	2378672	0.590909
2	2379725	0.5
2	2379758	0.818182
2	2380013	0.642857
2	2380036	0.785714
2	2380201	0.583333
2	2380456	0.384615
2	2380466	0.384615
2	2380703	0.708333
2	2381297	0.133333
2	2381312	0.538462
2	2381330	0
2	2381738	0.533333
2	2381786	0.307692
2	2381974	0.75
2	2382343	0
2	2382448	0.46875
2	2382677	0.866667
2	2382678	0.142857
2	2383414	0.269231
2	2383804	0.433333
2	2386086	0.5
2	2386393	0.15625
2	2386592	0.78125
2	2386729	0.454545
2	2387023	0.25
2	2387328	0.472222
2	2387524	0.45
2	2388352	0.34375
2	2388613	0.375
2	2388740	0
2	2389267	0.428571
2	2389635	0.0833333
2	2389726	0.375
2	2390163	0.4
2	2390574	0.266667
2	2390619	0.941176
2	2391535	0.117647
2	2391725	0.21875
2	2392135	0.535714
2	2392931	0.0666667
2	2393531	0.6875
2	2394512	0.888889
2	2395638	0.8125
2	2395896	0.75
2	2396006	0.8125
2	2396203	0.75
2	2396420	0.8125
2	2396608	0.666667
2	2397418	0.392857
2	2397565	0.638889
2	2398433	0
2	2398899	0.766667
2	2399564	0.766667
2	2399833	0.733333
2	2399897	0.636364
2	2400135	0.96875
2	2400457	0.733333
2	2400682	0
2	2400829	0
2	2402423	0
2	2403308	0.5
2	2403374	0.84375
2	2403590	0.735294
2	2403708	0.78125
2	2403928	0.46875
2	2404072	0.8
2	2404100	0.833333
2	2404930	0.84375
2	2406003	0.821429
2	2406488	0.794118
2	2406727	0
2	2406762	0.0333333
2	2406763	0.0333333
2	2407000	0
2	2407052	0.714286
2	2407236	0
2	2407726	0
2	2407812	0
2	2408264	0.785714
2	2408986	0.676471
2	2409704	0.653846
2	2409723	0.59375
2	2409825	0
2	2410501	0
2	2410541	0.40625
2	2410615	0
2	2410700	0.764706
2	2411299	0.617647
2	2411339	0.558824
2	2412811	0.7
2	2412888	0.666667
2	2413449	0.6875
2	2413492	0.617647
2	2413783	0.615385
2	2414128	0.8125
2	2414661	0.625
2	2414756	0.8125
2	2415390	0.735294
2	2415427	0.735294
2	2415664	0.75
2	2419256	0.875
2	2419428	0.852941
2	2420556	0.846154
2	2420557	0.8
2	2421460	0.794118
2	2422319	0.71875
2	2422703	0.53125
2	2423064	0.911765
2	2423098	0.78125
2	2423392	0.633333
2	2424448	0.5625
2	2424495	0.192308
2	2424764	0.928571
2	2425198	0.730769
2	2427413	0.911765
2	2427700	0.833333
2	2427766	0.970588
2	2428072	0.794118
2	2429190	0.90625
2	2430793	0.90625
2	2431619	0.944444
2	2431741	0.875
2	2431937	0.911765
2	2433255	0.583333
2	2433797	0.884615
2	2434220	0.933333
2	2434243	0.866667
2	2435306	0.875
2	2435360	0.9375
2	2438232	0.928571
2	2438472	0.941176
2	2438587	0.90625
2	2438593	0.90625
2	2438630	0.941176
2	2439638	0.892857
2	2439727	0.84375
2	2440968	0.944444
2	2441151	0
2	2442498	0.84375
2	2442554	0.875
2	2443235	0.235294
2	2444017	0.678571
2	2444395	0.8125
2	2444406	0.941176
2	2444514	0.852941
2	2446049	0.933333
2	2446668	0.764706
2	2446749	0.892857
2	2447224	0.9375
2	2447344	0.861111
2	2447965	0.0333333
2	2448286	0.823529
2	2448400	0.8125
2	2448785	0.5
2	2449519	0.2
2	2449595	0.941176
2	2449771	0.361111
2	2449962	0.923077
2	2450065	0.230769
2	2450332	0
2	2450549	0.266667
2	2450693	0.9375
2	2451437	0.28125
2	2452651	0.777778
2	2454080	0.214286
2	2454723	0.25
2	2455312	0.0833333
2	2456024	0.735294
2	2457983	0.970588
2	2459460	0.733333
2	2460597	0.764706
2	2460870	0.694444
2	2461572	0.857143
2	2462246	0.8125
2	2464401	0.852941
2	2464583	0.705882
2	2464675	0.678571
2	2465323	0.866667
2	2465345	0.8125
2	2465607	0.823529
2	2467773	0.75
2	2467867	0.8125
2	2468867	0.875
2	2469444	0.892857
2	2469584	0.9375
2	2469769	0.911765
2	2470131	0.964286
2	2470188	0.882353
2	2470874	0.9375
2	2472155	0.666667
2	2472174	0.970588
2	2472608	0.941176
2	2473166	0.875
2	2473344	0.625
2	2473647	0.90625
2	2474348	0.916667
2	2474653	0.970588
2	2474666	0.911765
2	2475208	0.9375
2	2476372	0.916667
2	2476958	0.96875
2	2477023	0.866667
2	2477024	0.833333
2	2477339	0.911765
2	2477342	0.911765
2	2477608	0.916667
2	2478424	0.9375
2	2479473	0.911765
2	2479822	0.90625
2	2480424	0.9
2	2481555	0.944444
2	2481743	0.966667
2	2481746	0.933333
2	2481859	0.96875
2	2481916	0.941176
2	2482921	0.941176
2	2482924	0.941176
2	2482934	0.941176
2	2483610	0.964286
2	2483626	0.866667
2	2484492	0.96875
2	2486192	0.65625
2	2486389	0.972222
2	2487085	0.96875
2	2487680	0.833333
2	2490172	0.933333
2	2490746	0.970588
2	2490864	0.96875
2	2493584	0.911765
2	2493770	0.794118
2	2493787	0.970588
2	2493938	0.735294
2	2494801	0.705882
2	2495160	0.941176
2	2495732	0.970588
2	2496824	0.972222
2	2497360	0.966667
2	2500041	0.970588
2	2500290	0.9375
2	2501165	0.866667
2	2501963	0.911765
2	2502092	0.972222
2	2502124	0.966667
2	2502258	0.8
2	2504833	0.84375
2	2504891	0.764706
2	2505377	0.805556
2	2505385	0.805556
2	2507371	0.71875
2	2508245	0.916667
2	2508761	0.833333
2	2509204	0.735294
2	2509450	0.9
2	2509990	0.821429
2	2512203	0.6875
2	2512660	0.558824
2	2513257	0.8
2	2513768	0.961538
2	2514392	0.71875
2	2515274	0.933333
2	2516690	0.852941
2	2517775	0.735294
2	2518080	0.766667
2	2518234	0.647059
2	2518285	0.8125
2	2518376	0.764706
2	2518576	0.676471
2	2518821	0.692308
2	2518865	0.7
2	2519048	0.714286
2	2519100	0.636364
2	2519251	0.571429
2	2519535	0.321429
2	2519561	0.705882
2	2519590	0.972222
2	2519711	0.733333
2	2519911	0.730769
2	2520027	0.733333
2	2520135	0.75
2	2520359	0.772727
2	2520736	0.666667
2	2521248	0.65625
2	2521259	0.625
2	2521551	0.576923
2	2522028	0.735294
2	2522090	0.821429
2	2522406	0.666667
2	2522589	0.9
2	2523353	0.928571
2	2523595	0
2	2523596	0
2	2523720	0.966667
2	2523790	0.769231
2	2523844	0.735294
2	2523850	0.15625
2	2523859	0.9
2	2523875	0.785714
2	2525416	0.638889
2	2526178	0.633333
2	2527641	0.972222
2	2528629	0.7
2	2528630	0.7
2	2529122	0.647059
2	2532422	0.5
2	2532458	0.5625
2	2532669	0.633333
2	2533203	0.411765
2	2533229	0.433333
2	2534353	0
2	2534894	0.928571
2	2536204	0.285714
2	2536262	0.233333
2	2536334	0.8125
2	2536616	0.705882
2	2536915	0.861111
2	2537647	0.233333
2	2539875	0.5625
2	2540278	0.538462
2	2540292	0.3
2	2540386	0.375
2	2545070	0.214286
2	2545675	0.970588
2	2545682	0.970588
2	2545707	0.970588
2	2546543	0.857143
2	2548058	0.5
2	2548524	0.321429
2	2549317	0.384615
2	2550244	0.294118
2	2550499	0.972222
2	2550617	0.970588
2	2550770	0.235294
2	2551037	0.230769
2	2551156	0.571429
2	2551255	0.966667
2	2552723	0.382353
2	2552825	0.9
2	2553066	0.333333
2	2554088	0.970588
2	2554399	0.285714
2	2554702	0.321429
2	2555165	0.235294
2	2555250	0.9375
2	2555971	0.181818
2	2556839	0.266667
2	2556864	0.166667
2	2557533	0.392857
2	2557554	0.294118
2	2558252	0.266667
2	2558424	0.333333
2	2558743	0.34375
2	2559295	0.3125
2	2559337	0.307692
2	2559462	0.277778
2	2560916	0.277778
2	2561741	0.3
2	2562049	0.3
2	2562259	0.269231
2	2562494	0.375
2	2563832	0.466667
2	2563966	0.205882
2	2564422	0.388889
2	2564549	0.28125
2	2564664	0.3
2	2564720	0.3
2	2564992	0.272727
2	2565242	0.181818
2	2565681	0.928571
2	2565807	0.233333
2	2565867	0.366667
2	2566954	0.222222
2	2566981	0.166667
2	2567532	0.8
2	2575454	0.5
2	2578762	0
2	2578763	0
2	2580965	0.78125
2	2580974	0.78125
2	2582096	0.785714
2	2582266	0.863636
2	2583212	0.852941
2	2583517	0.166667
2	2583815	0.892857
2	2583939	0.40625
2	2583951	0.40625
2	2585323	0.884615
2	2587415	0.892857
2	2587824	0.96875
2	2589405	0.9375
2	2589460	0
2	2590381	0.166667
2	2590459	0.0333333
2	2591006	0.970588
2	2591136	0.583333
2	2591623	0.166667
2	2592010	0.833333
2	2593959	0
2	2594084	0.805556
2	2594931	0
2	2595633	0.75
2	2596148	0.75
2	2597796	0.0357143
2	2598181	0.333333
2	2598319	0.357143
2	2599332	0.84375
2	2600129	0.4375
2	2600174	0.0454545
2	2600337	0.785714
2	2600430	0.785714
2	2600816	0.428571
2	2600892	0.416667
2	2601453	0.541667
2	2602208	0.5
2	2602398	0.928571
2	2603338	0.466667
2	2603505	0.615385
2	2604016	0.823529
2	2604441	0.333333
2	2604810	0.833333
2	2604923	0.9375
2	2605480	0.3125
2	2605757	0.892857
2	2605800	0.90625
2	2605906	0.40625
2	2605945	0.444444
2	2606263	0.352941
2	2606264	0.352941
2	2606301	0.35
2	2606678	0.4
2	2606779	0.464286
2	2606830	0.4375
2	2606839	0.692308
2	2606887	0.5
2	2606890	0.5
2	2606924	0.375
2	2606982	0.5
2	2607024	0.533333
2	2607092	0.970588
2	2607113	0.277778
2	2607120	0.277778
2	2607137	0.590909
2	2607305	0.923077
2	2607349	0.363636
2	2607394	0.5
2	2607523	0.5
2	2607808	0.444444
2	2608294	0.444444
2	2608351	0.533333
2	2608466	0.857143
2	2608582	0.416667
2	2608620	0.375
2	2608672	0.346154
2	2608687	0.318182
2	2608756	0.264706
2	2608819	0.470588
2	2608901	0.533333
2	2608936	0.428571
2	2608972	0.323529
2	2609224	0.323529
2	2609375	0.533333
2	2609408	0.566667
2	2609585	0.46875
2	2609642	0.388889
2	2609874	0.566667
2	2609904	0.5
2	2609973	0.375
2	2610291	0.333333
2	2610493	0.5
2	2610520	0.392857
2	2610710	0.307692
2	2610778	0.416667
2	2610940	0.566667
2	2611090	0.5
2	2611409	0.25
2	2611480	0.541667
2	2611572	0.681818
2	2612152	0.423077
2	2612261	0.392857
2	2612512	0.428571
2	2612588	0.5
2	2612820	0.366667
2	2612842	0.352941
2	2613267	0.46875
2	2613478	0.5
2	2613779	0.545455
2	2613960	0.205882
2	2613998	0.5
2	2614097	0.3125
2	2614174	0.441176
2	2615063	0.392857
2	2616298	0.411765
2	2616443	0.875
2	2616593	0.357143
2	2617207	0.75
2	2617416	0.166667
2	2617425	0.888889
2	2617661	0.433333
2	2617704	0.464286
2	2617729	0.40625
2	2617747	0.441176
2	2618157	0.5625
2	2618238	0.5
2	2618346	0.928571
2	2618615	0.566667
2	2618902	0.90625
2	2619316	0.461538
2	2619629	0.272727
2	2620146	0.458333
2	2621686	0.470588
2	2622442	0.384615
2	2622650	0.441176
2	2623796	0.638889
2	2624263	0.46875
2	2624398	0.464286
2	2624428	0.0714286
2	2624436	0.433333
2	2624521	0.5
2	2624577	0.0882353
2	2624620	0.0714286
2	2624695	0.90625
2	2624754	0.676471
2	2624846	0.40625
2	2625248	0.323529
2	2625316	0.84375
2	2625512	0.75
2	2625595	0.730769
2	2625718	0.633333
2	2626393	0.75
2	2626800	0.8125
2	2626966	0.75
2	2626967	0.75
2	2627251	0.705882
2	2627644	0.705882
2	2627938	0.90625
2	2628599	0.84375
2	2628843	0.852941
2	2629324	0.852941
2	2629446	0.823529
2	2631053	0.875
2	2631443	0.875
2	2631716	0.791667
2	2631820	0.866667
2	2631838	0.90625
2	2631901	0.861111
2	2631902	0.861111
2	2632069	0.875
2	2632224	0.8125
2	2632644	0.823529
2	2632709	0.857143
2	2632812	0.777778
2	2633036	0.923077
2	2633048	0.892857
2	2633388	0.333333
2	2633508	0.8
2	2633581	0.791667
2	2633681	0.115385
2	2634710	0.882353
2	2637246	0.911765
2	2637735	0.735294
2	2638151	0.866667
2	2638535	0.0714286
2	2638612	0.111111
2	2639121	0.35
2	2639239	0.852941
2	2639507	0.941176
2	2639647	0.785714
2	2640611	0.416667
2	2640865	0.5
2	2641087	0.75
2	2641113	0.71875
2	2641203	0.785714
2	2641860	0.71875
2	2641899	0.6875
2	2642123	0.1
2	2642208	0.766667
2	2642893	0.96875
2	2643225	0.576923
2	2644566	0.0666667
2	2644858	0.892857
2	2645097	0.9
2	2645177	0.964286
2	2645209	0.0769231
2	2645802	0.366667
2	2646590	0.125
2	2647158	0.863636
2	2647516	0.428571
2	2647747	0.214286
2	2648466	0.1
2	2649905	0.84375
2	2650131	0.0882353
2	2650419	0.117647
2	2650734	0.0333333
2	2653008	0.75
2	2653088	0
2	2653564	0.772727
2	2653965	0
2	2654080	0
2	2654542	0.28125
2	2654789	0.192308
2	2655258	0.09375
2	2655535	0.0588235
2	2655687	0.09375
2	2658100	0.0588235
2	2659311	0.75
2	2660072	0.230769
2	2661369	0.166667
2	2661795	0.0625
2	2661871	0.0333333
2	2662292	0.03125
2	2662402	0.4
2	2662406	0.133333
2	2662471	0.90625
2	2663477	0.892857
2	2664437	0.1
2	2664913	0.9375
2	2665070	0.821429
2	2665116	0.166667
2	2665294	0.227273
2	2665542	0.0555556
2	2665727	0.2
2	2665728	0.2
2	2666773	0.0714286
2	2666966	0.785714
2	2667339	0.0357143
2	2667507	0.785714
2	2667740	0.777778
2	2667787	0.227273
2	2667937	0.142857
2	2668008	0.0416667
2	2668326	0.8125
2	2668561	0.125
2	2668955	0.277778
2	2671133	0.9375
2	2671444	0.833333
2	2671468	0.852941
2	2671683	0.428571
2	2672493	0.785714
2	2673337	0.454545
2	2674253	0.464286
2	2674273	0.7
2	2675185	0.666667
2	2675195	0.666667
2	2676731	0.911765
2	2677265	0.6875
2	2677838	0.941176
2	2678138	0.823529
2	2678241	0.666667
2	2678989	0.970588
2	2679300	0.764706
2	2679481	0.642857
2	2681097	0.875
2	2682547	0.6875
2	2682743	0.8125
2	2683802	0.966667
2	2683870	0.857143
2	2683956	0.970588
2	2685473	0.794118
2	2685581	0.0666667
2	2686209	0.0416667
2	2686579	0.823529
2	2687233	0.75
2	2687848	0.8125
2	2687911	0.266667
2	2688523	0
2	2689192	0.6875
2	2691720	0.766667
2	2692598	0.0384615
2	2692960	0.0666667
2	2693335	0.823529
2	2693610	0.791667
2	2693613	0.791667
2	2694190	0.833333
2	2696123	0.766667
2	2697114	0.75
2	2697562	0.794118
2	2698276	0.96875
2	2698588	0.833333
2	2699305	0.375
2	2699312	0.375
2	2700957	0.5
2	2700974	0.875
2	2701534	0.333333
2	2701600	0.28125
2	2701665	0.4
2	2703073	0.4
2	2703089	0.615385
2	2704225	0.823529
2	2704521	0.805556
2	2704808	0.794118
2	2705634	0.5
2	2705929	0.166667
2	2706115	0.192308
2	2706144	0.75
2	2706376	0.375
2	2706527	0.166667
2	2706597	0.861111
2	2707038	0.884615
2	2707203	0.307692
2	2707259	0.9
2	2707835	0.617647
2	2708072	0.911765
2	2708361	0.909091
2	2708720	0.642857
2	2708923	0.433333
2	2709646	0.411765
2	2709854	0.818182
2	2709917	0.291667
2	2710393	0.75
2	2710688	0.884615
2	2710692	0.884615
2	2710774	0.764706
2	2710938	0.75
2	2711049	0.409091
2	2712010	0.5
2	2712106	0.59375
2	2712943	0.607143
2	2713176	0.863636
2	2713455	0.833333
2	2713616	0.833333
2	2713657	0.7
2	2713702	0.9
2	2713895	0.909091
2	2714054	0.71875
2	2714308	0.916667
2	2714808	0.785714
2	2714951	0.805556
2	2715226	0.90625
2	2715340	0.361111
2	2715354	0.777778
2	2715818	0.764706
2	2715826	0.78125
2	2716109	0.636364
2	2716185	0.852941
2	2716493	0.882353
2	2716689	0.692308
2	2717087	0.9375
2	2717088	0.9375
2	2717305	0.642857
2	2717311	0.777778
2	2717374	0.807692
2	2717881	0.8
2	2717970	0.6
2	2718018	0.866667
2	2718130	0.823529
2	2718306	0.823529
2	2718852	0.633333
2	2718949	0.966667
2	2718978	0.9
2	2719353	0.966667
2	2719980	0
2	2719991	0.714286
2	2720083	0.1
2	2720103	0.466667
2	2720133	0.470588
2	2720241	0.0714286
2	2720892	0.5
2	2721013	0.692308
2	2721078	0.0625
2	2721132	0.78125
2	2721694	0.65625
2	2721734	0.766667
2	2721821	0.647059
2	2721856	0.5625
2	2721897	0.142857
2	2721900	0.692308
2	2721958	0.65625
2	2722013	0.0714286
2	2722156	0.384615
2	2722262	0.4
2	2722282	0
2	2722354	0.0416667
2	2722523	0.625
2	2722596	0.970588
2	2722615	0.40625
2	2723155	0.142857
2	2724187	0.0294118
2	2724411	0.5
2	2725778	0.875
2	2725779	0.833333
2	2725797	0.852941
2	2726788	0.833333
2	2727014	0.791667
2	2727183	0.823529
2	2727196	0.84375
2	2727366	0.888889
2	2727402	0.911765
2	2727661	0.875
2	2728097	0.8
2	2728107	0.571429
2	2728118	0.5
2	2728147	0.823529
2	2728295	0
2	2728385	0.928571
2	2728470	0.833333
2	2728546	0.866667
2	2728547	0.866667
2	2728670	0.823529
2	2728885	0.888889
2	2729024	0.911765
2	2729381	0.84375
2	2729539	0.4
2	2729576	0.46875
2	2729713	0.5
2	2729763	0.625
2	2729824	0.461538
2	2730116	0.423077
2	2730401	0.75
2	2730452	0.4
2	2730625	0.166667
2	2730658	0.266667
2	2730803	0.566667
2	2731082	0.5
2	2731147	0.692308
2	2731794	0.588235
2	2732589	0.428571
2	2732625	0.785714
2	2732665	0.269231
2	2732773	0.625
2	2732778	0.125
2	2732877	0.75
2	2733106	0.666667
2	2734381	0.125
2	2734670	0.0769231
2	2734980	0.766667
2	2735119	0
2	2735489	0.8
2	2736363	0.8125
2	2736430	0.75
2	2736757	0.9375
2	2737366	0.964286
2	2737708	0
2	2737960	0.633333
2	2738582	0.0625
2	2738761	0.0357143
2	2740902	0.0588235
2	2741039	0
2	2741289	0.269231
2	2741446	0.4
2	2741752	0.9375
2	2742629	0.733333
2	2742650	0.321429
2	2742748	0.911765
2	2742788	0.78125
2	2743284	0
2	2743934	0.653846
2	2744150	0.388889
2	2744956	0.333333
2	2747102	0.75
2	2747941	0
2	2747950	0.794118
2	2747998	0
2	2748028	0.911765
2	2748265	0.676471
2	2749520	0
2	2749694	0.866667
2	2749741	0.3125
2	2750095	0.0588235
2	2750454	0.970588
2	2750889	0.545455
2	2751128	0.0714286
2	2751838	0
2	2752049	0.0555556
2	2752095	0.970588
2	2752285	0
2	2752887	0.25
2	2752931	0.852941
2	2753019	0.0625
2	2753230	0.0357143
2	2753231	0.733333
2	2753891	0.25
2	2754703	0.5
2	2755104	0.0909091
2	2755205	0.727273
2	2755337	0.55
2	2755397	0
2	2755448	0.111111
2	2756057	0.1
2	2756217	0.0833333
2	2756307	0.1
2	2756745	0.366667
2	2756753	0.8
2	2757028	0.766667
2	2757584	0.71875
2	2757774	0.923077
2	2758289	0.5625
2	2759311	0.59375
2	2759312	0.59375
2	2759855	0.59375
2	2760158	0.538462
2	2760455	0.7
2	2761141	0.857143
2	2761577	0.617647
2	2761795	0.0294118
2	2761877	0
2	2762042	0
2	2762081	0
2	2762151	0.71875
2	2762198	0.944444
2	2763051	0.794118
2	2763135	0.875
2	2763249	0.617647
2	2765262	0.392857
2	2765887	0.75
2	2766101	0.916667
2	2767456	0.307692
2	2768065	0
2	2768194	0.590909
2	2769052	0.0833333
2	2769187	0.5
2	2770236	0.884615
2	2770301	0.857143
2	2770983	0.678571
2	2771601	0.28125
2	2771615	0.857143
2	2771857	0.6875
2	2771959	0.285714
2	2771987	0.928571
2	2772617	0.75
2	2772636	0.363636
2	2773330	0.166667
2	2773969	0.307692
2	2774180	0.785714
2	2774539	0.625
2	2775305	0.133333
2	2775621	0.90625
2	2775695	0.733333
2	2775739	0.733333
2	2776475	0.617647
2	2776734	0.5
2	2777009	0.65625
2	2777188	0.857143
2	2777618	0.78125
2	2778016	0.392857
2	2778065	0
2	2778504	0.823529
2	2778508	0.705882
2	2778693	0.794118
2	2778929	0.84375
2	2780239	0.823529
2	2780568	0.9
2	2781389	0.807692
2	2782080	0.961538
2	2783017	0.28125
2	2783325	0.75
2	2783424	0.818182
2	2784732	0.769231
2	2785685	0.714286
2	2785812	0.705882
2	2786299	0.941176
2	2787149	0.65
2	2787621	0.96875
2	2787699	0.409091
2	2787735	0.5625
2	2787757	0.75
2	2788972	0
2	2789651	0
2	2790679	0.4
2	2790694	0.866667
2	2792075	0.888889
2	2792460	0
2	2792967	0.3
2	2793047	0.777778
2	2793123	0.166667
2	2793340	0.705882
2	2793557	0.5
2	2793759	0.692308
2	2793832	0.75
2	2794222	0.214286
2	2794291	0.875
2	2794749	0.6875
2	2795189	0.766667
2	2795206	0.8
2	2795420	0.730769
2	2795931	0.735294
2	2796419	0.666667
2	2797454	0.823529
2	2797712	0.588235
2	2798067	0.636364
2	2799233	0
2	2799255	0.85
2	2799275	0
2	2799417	0.555556
2	2799469	0.4
2	2799671	0.966667
2	2799710	0.566667
2	2800417	0.928571
2	2800695	0.964286
2	2800947	0.666667
2	2801779	0.96875
2	2802431	0.766667
2	2802619	0.566667
2	2804771	0.961538
2	2805708	0.583333
2	2806197	0.5625
2	2806202	0.5625
2	2806452	0.6875
2	2806656	0.541667
2	2807198	0.766667
2	2807380	0.785714
2	2807598	0.5
2	2807687	0.705882
2	2807815	0.65625
2	2808089	0.625
2	2808093	0.65625
2	2808273	0.633333
2	2808686	0.794118
2	2808838	0.8
2	2809364	0.666667
2	2809397	0.730769
2	2809417	0.6
2	2810392	0.75
2	2810425	0.730769
2	2810480	0.59375
2	2811664	0.233333
2	2811805	0.588235
2	2812016	0.461538
2	2812052	0.708333
2	2812216	0.6
2	2812264	0.617647
2	2812458	0.666667
2	2812537	0.5625
2	2812611	0.285714
2	2812768	0.366667
2	2813268	0.970588
2	2813269	0.970588
2	2813636	0.923077
2	2813822	0.941176
2	2814340	0.966667
2	2814551	0.321429
2	2814743	0.1
2	2815611	0
2	2815740	0.4375
2	2816060	0.423077
2	2816342	0.96875
2	2817243	0.5
2	2817497	0.807692
2	2817898	0.4
2	2818095	0.642857
2	2818117	0.392857
2	2818240	0.777778
2	2821988	0.3125
2	2822053	0.8125
2	2822081	0.866667
2	2822207	0.208333
2	2822559	0.294118
2	2822633	0.8125
2	2822762	0.266667
2	2822811	0.333333
2	2824056	0.142857
2	2824305	0.392857
2	2825255	0.428571
2	2825385	0.366667
2	2825883	0.357143
2	2826230	0.321429
2	2827276	0.34375
2	2827293	0.861111
2	2827345	0.382353
2	2827579	0.90625
2	2827805	0.285714
2	2827974	0.321429
2	2828104	0.264706
2	2828164	0.705882
2	2828176	0.352941
2	2828906	0.884615
2	2828913	0.535714
2	2829287	0.642857
2	2829349	0.441176
2	2830284	0.9375
2	2830794	0
2	2831147	0.125
2	2831218	0.142857
2	2831380	0.181818
2	2831484	0.333333
2	2831981	0.78125
2	2832206	0.208333
2	2832682	0.136364
2	2833031	0.96875
2	2833154	0.107143
2	2833582	0.944444
2	2834406	0.866667
2	2835334	0
2	2835341	0.972222
2	2835560	0.769231
2	2835640	0.2
2	2836286	0.25
2	2836350	0.90625
2	2836852	0
2	2837313	0.916667
2	2837403	0.264706
2	2837549	0.9
2	2838048	0.85
2	2838919	0.964286
2	2839041	0.269231
2	2839594	0.307692
2	2840638	0.846154
2	2840716	0.866667
2	2841549	0
2	2842914	0.692308
2	2843101	0.9
2	2843308	0.714286
2	2843337	0.653846
2	2844110	0.911765
2	2844444	0.59375
2	2844858	0.71875
2	2845241	0
2	2845467	0.588235
2	2845963	0.647059
2	2846181	0.205882
2	2846345	0.666667
2	2846442	0.2
2	2846689	0.461538
2	2847075	0
2	2848006	0.823529
2	2848102	0.558824
2	2848560	0.785714
2	2849167	0.892857
2	2849259	0.433333
2	2849451	0.384615
2	2849496	0.5625
2	2850540	0.833333
2	2851113	0.676471
2	2852492	0
2	2853783	0.5
2	2854830	0.321429
2	2855576	0.4375
2	2855874	0.4
2	2855949	0.285714
2	2856382	0.433333
2	2857126	0.823529
2	2857281	0.15625
2	2857507	0.15625
2	2858360	0.269231
2	2858572	0.846154
2	2858798	0.444444
2	2859047	0.928571
2	2859558	0.269231
2	2859573	0.375
2	2859637	0.1875
2	2859955	0.916667
2	2860172	0.321429
2	2860830	0.416667
2	2860970	0.366667
2	2861109	0.805556
2	2861694	0.133333
2	2862130	0.1875
2	2864210	0.411765
2	2864268	0.428571
2	2864276	0.428571
2	2864328	0.352941
2	2864399	0.5
2	2864497	0.294118
2	2864944	0.807692
2	2865180	0.3125
2	2865680	0.545455
2	2865908	0.409091
2	2865929	0.966667
2	2866475	0.382353
2	2866529	0.84375
2	2866774	0.941176
2	2866812	0.964286
2	2866863	0.346154
2	2867075	0.285714
2	2867458	0.5
2	2867894	0.1
2	2867941	0.227273
2	2868514	0.384615
2	2870650	0.941176
2	2870883	0.208333
2	2871160	0.181818
2	2871305	0.433333
2	2871548	0.285714
2	2872298	0.40625
2	2872628	0.882353
2	2872684	0.4375
2	2872862	0.307692
2	2872874	0.875
2	2873060	0.307692
2	2873086	0.357143
2	2873281	0.269231
2	2873314	0.821429
2	2873929	0.823529
2	2873974	0.333333
2	2874017	0.388889
2	2874114	0.392857
2	2874131	0.4375
2	2874651	0.266667
2	2875384	0.970588
2	2875721	0.433333
2	2876145	0.8
2	2876422	0.423077
2	2876832	0
2	2876833	0.142857
2	2876857	0.411765
2	2876986	0.55
2	2877062	0.785714
2	2877094	0.5
2	2877427	0.117647
2	2877498	0.458333
2	2877545	0.1
2	2877591	0.0416667
2	2877949	0.46875
2	2877977	0.125
2	2878228	0
2	2878832	0.25
2	2879308	0.333333
2	2879478	0.178571
2	2879779	0.25
2	2880080	0.470588
2	2880229	0.388889
2	2882153	0.291667
2	2882288	0.166667
2	2882482	0.6875
2	2883848	0.647059
2	2884104	0.692308
2	2884500	0.65
2	2884918	0.777778
2	2884927	0.25
2	2885090	0.269231
2	2885097	0.928571
2	2885486	0.84375
2	2885727	0.125
2	2886268	0.153846
2	2886795	0.866667
2	2886851	0.911765
2	2887003	0.866667
2	2887013	0.970588
2	2887102	0.555556
2	2887691	0.911765
2	2888515	0.6
2	2888787	0.538462
2	2889103	0.142857
2	2889271	0.785714
2	2889699	0.178571
2	2889800	0.117647
2	2890692	0
2	2890711	0.714286
2	2890907	0.96875
2	2891137	0.9
2	2891257	0.970588
2	2891518	0.705882
2	2891644	0.785714
2	2891727	0.84375
2	2892144	0.861111
2	2892309	0.941176
2	2894009	0.852941
2	2894312	0.192308
2	2894737	0.666667
2	2894967	0.441176
2	2895164	0.235294
2	2895193	0.617647
2	2895727	0.272727
2	2896238	0.75
2	2897022	0.71875
2	2897185	0.617647
2	2897199	0.882353
2	2897270	0.133333
2	2897888	0.25
2	2899021	0.176471
2	2899178	0.21875
2	2899297	0.2
2	2899439	0.96875
2	2899681	0.277778
2	2900699	0.866667
2	2900990	0.227273
2	2901188	0.2
2	2901832	0.230769
2	2901849	0.230769
2	2902088	0.230769
2	2902117	0.96875
2	2902254	0.25
2	2902983	0.25
2	2904123	0.96875
2	2904971	0.264706
2	2905198	0.227273
2	2905368	0.21875
2	2906608	0.323529
2	2907975	0.192308
2	2908338	0.90625
2	2908365	0.178571
2	2909292	0.3
2	2909386	0.233333
2	2909427	0.269231
2	2909473	0.166667
2	2909566	0.4
2	2909865	0.2
2	2911628	0.233333
2	2911846	0.45
2	2912305	0.166667
2	2913797	0.766667
2	2916955	0.125
2	2917258	0.34375
2	2919797	0.366667
2	2922826	0.181818
2	2924890	0.205882
2	2926390	0.208333
2	2926641	0.269231
2	2926983	0.153846
2	2928083	0.266667
2	2929808	0.147059
2	2930928	0.21875
2	2932938	0
2	2933554	0.166667
2	2933650	0.833333
2	2933998	0.166667
2	2934195	0.21875
2	2935910	0.21875
2	2936101	0.235294
2	2936217	0
2	2936236	0.285714
2	2936375	0.230769
2	2936908	0.318182
2	2937436	0.916667
2	2937492	0.25
2	2937570	0.176471
2	2937707	0.28125
2	2938455	0.96875
2	2939437	0.266667
2	2939487	0.142857
2	2939967	0.208333
2	2939987	0.266667
2	2940020	0.178571
2	2940121	0.892857
2	2942196	0.2
2	2942236	0.153846
2	2942329	0.166667
2	2942365	0.2
2	2942421	0.291667
2	2942896	0.233333
2	2943271	0.333333
2	2943674	0.321429
2	2944455	0.192308
2	2944533	0.409091
2	2944553	0.264706
2	2945455	0
2	2946046	0.466667
2	2946065	0.533333
2	2946127	0.617647
2	2946331	0.25
2	2947713	0.3125
2	2948003	0.75
2	2948343	0.833333
2	2948459	0.264706
2	2948723	0.0625
2	2949004	0.75
2	2949111	0.208333
2	2950018	0.28125
2	2950034	0.346154
2	2950289	0.233333
2	2950793	0.266667
2	2951284	0.25
2	2951787	0.970588
2	2952030	0.916667
2	2952252	0.277778
2	2952666	0.821429
2	2952717	0.25
2	2952754	0.214286
2	2952894	0.178571
2	2953192	0.1875
2	2953815	0.166667
2	2953847	0.147059
2	2955561	0.35
2	2955996	0.205882
2	2956085	0.205882
2	2958407	0.3125
2	2961654	0.1875
2	2962591	0.34375
2	2963057	0.25
2	2963352	0.2
2	2963722	0.96875
2	2964519	0.178571
2	2964695	0.25
2	2965401	0.1
2	2965578	0.166667
2	2967248	0.0625
2	2968749	0
2	2969221	0.966667
2	2969422	0.0588235
2	2969466	0.107143
2	2970150	0.0416667
2	2970884	0.136364
2	2971477	0.09375
2	2971966	0.966667
2	2974127	0.0714286
2	2974881	0.1
2	2975483	0.0714286
2	2975769	0.0625
2	2976778	0.0625
2	2976930	0.192308
2	2977910	0.941176
2	2978045	0.933333
2	2978519	0.107143
2	2978747	0.0666667
2	2979113	0.25
2	2979793	0.0384615
2	2980001	0.125
2	2980598	0.363636
2	2982486	0.09375
2	2984615	0.0384615
2	2984859	0.0769231
2	2985685	0.181818
2	2987402	0.0714286
2	2987414	0.0357143
2	2987578	0.192308
2	2988006	0.142857
2	2988090	0.09375
2	2988629	0
2	2989504	0.0833333
2	2989954	0.194444
2	2989999	0.117647
2	2990330	0.15625
2	2990595	0.133333
2	2991233	0.0454545
2	2991428	0.192308
2	2991433	0.192308
2	2992705	0
2	2994989	0.1
2	2995154	0.178571
2	2995784	0.2
2	2996354	0.178571
2	2997005	0.764706
2	2997404	0.1
2	3001092	0.117647
2	3001674	0
2	3003010	0.233333
2	3003071	0.111111
2	3004839	0.208333
2	3005235	0.966667
2	3006197	0.941176
2	3006483	0.714286
2	3007146	0.222222
2	3007298	0.794118
2	3007395	0.222222
2	3007972	0.8
2	3008413	0.2
2	3008912	0.444444
2	3009058	0.125
2	3009079	0
2	3009103	0
2	3009132	0.625
2	3011244	0.558824
2	3011752	0.153846
2	3012290	0.678571
2	3012316	0.9375
2	3012861	0.735294
2	3013057	0.633333
2	3013207	0.533333
2	3013456	0
2	3013854	0.529412
2	3014739	0.892857
2	3015888	0
2	3016071	0.5
2	3016430	0.527778
2	3016493	0.75
2	3016988	0.676471
2	3018084	0.625
2	3019509	0
2	3019637	0.138889
2	3020194	0.125
2	3021760	0.558824
2	3022744	0.454545
2	3023427	0
2	3025336	0.666667
2	3026251	0.25
2	3026430	0.916667
2	3027415	0.40625
2	3027433	0.384615
2	3027439	0.928571
2	3027482	0.583333
2	3027627	0.458333
2	3027789	0.5
2	3028105	0.875
2	3028124	0.65625
2	3028128	0.411765
2	3028589	0.40625
2	3028597	0.40625
2	3028721	0.617647
2	3029935	0.375
2	3030769	0.5
2	3032520	0.941176
2	3033382	0.833333
2	3033784	0.461538
2	3034322	0.464286
2	3037092	0.53125
2	3037197	0.5
2	3037707	0.625
2	3037976	0.416667
2	3038071	0.5625
2	3038076	0.5625
2	3038084	0.5625
2	3038123	0.470588
2	3038159	0.5625
2	3038632	0.764706
2	3038675	0
2	3039192	0.615385
2	3039347	0.791667
2	3040319	0.846154
2	3040392	0.909091
2	3040864	0.533333
2	3041033	0
2	3041558	0.65625
2	3041611	0.416667
2	3041784	0.8
2	3041889	0.846154
2	3043074	0.59375
2	3044476	0.833333
2	3045480	0.714286
2	3045765	0.45
2	3045791	0.714286
2	3045852	0.78125
2	3045881	0.9
2	3045982	0.875
2	3046308	0.6875
2	3046333	0.583333
2	3046404	0.928571
2	3046405	0.928571
2	3046631	0.5
2	3047020	0.571429
2	3047073	0.9
2	3047320	0.107143
2	3047685	0.9
2	3049820	0
2	3050165	0.8
2	3051072	0
2	3051736	0.0714286
2	3052668	0.9
2	3054766	0.90625
2	3055512	0.916667
2	3055827	0.416667
2	3055847	0.3
2	3057257	0
2	3057338	0.538462
2	3057365	0
2	3061019	0.0357143
2	3061021	0.0357143
2	3061901	0.35
2	3062055	0.375
2	3062238	0.3
2	3062748	0.346154
2	3063237	0.3
2	3063506	0.357143
2	3065331	0.117647
2	3065771	0.785714
2	3066263	0.269231
2	3066698	0.233333
2	3066781	0.227273
2	3067441	0.3125
2	3067566	0.2
2	3067917	0.142857
2	3068029	0.269231
2	3068968	0.266667
2	3068970	0.366667
2	3069076	0.3
2	3070371	0.233333
2	3070816	0.944444
2	3071860	0.892857
2	3074432	0.21875
2	3074668	0.333333
2	3077142	0.964286
2	3078181	0.25
2	3078574	0.0555556
2	3078754	0.176471
2	3079021	0.233333
2	3079139	0.857143
2	3079250	0.222222
2	3079617	0.307692
2	3079878	0.272727
2	3079946	0.269231
2	3079999	0.1875
2	3080161	0.15625
2	3081043	0.107143
2	3081756	0.25
2	3081802	0.805556
2	3082104	0.4
2	3082235	0.266667
2	3082236	0.96875
2	3082353	0.4
2	3082402	0.576923
2	3082408	0.576923
2	3082535	0.147059
2	3082663	0.833333
2	3082773	0.2
2	3083076	0.2
2	3083320	0.928571
2	3083691	0.333333
2	3084134	0.166667
2	3084441	0.7
2	3084516	0.142857
2	3084950	0.882353
2	3085096	0.852941
2	3085498	0.857143
2	3086180	0.458333
2	3086833	0.125
2	3087454	0.346154
2	3087597	0.823529
2	3087667	0.464286
2	3087803	0.25
2	3092604	0.25
2	3092772	0.970588
2	3093848	0.352941
2	3094324	0.892857
2	3094419	0.911765
2	3094832	0.9375
2	3096184	0.852941
2	3097326	0
2	3098394	0.888889
2	3098668	0.777778
2	3098980	0.0333333
2	3099075	0.2
2	3100330	0.307692
2	3100830	0.192308
2	3100883	0.166667
2	3100951	0.96875
2	3101520	0.866667
2	3102723	0.416667
2	3103097	0.28125
2	3103867	0.9375
2	3104347	0.970588
2	3104408	0.384615
2	3104778	0.6
2	3104795	0.6
2	3104947	0.333333
2	3104965	0.666667
2	3105174	0.307692
2	3105711	0.133333
2	3105907	0
2	3106689	0.230769
2	3106880	0.769231
2	3107035	0.888889
2	3107058	0.8
2	3107942	0
2	3107978	0.0714286
2	3108359	0
2	3108629	0
2	3109054	0.3125
2	3109055	0.3125
2	3109383	0.9375
2	3109628	0.142857
2	3110638	0.875
2	3110758	0.285714
2	3111589	0.821429
2	3113371	0.117647
2	3113710	0.346154
2	3115814	0.461538
2	3116073	0.846154
2	3116598	0.821429
2	3116983	0.464286
2	3116997	0.961538
2	3117009	0.954545
2	3117183	0
2	3117247	0.153846
2	3117601	0.366667
2	3119757	0.794118
2	3119896	0.916667
2	3119931	0.5
2	3120184	0.346154
2	3121086	0.09375
2	3121276	0.107143
2	3122143	0.458333
2	3122802	0.642857
2	3122870	0.09375
2	3123061	0.266667
2	3125571	0.03125
2	3126757	0.970588
2	3126903	0.653846
2	3127210	0.21875
2	3127370	0.636364
2	3127643	0.466667
2	3127902	0.733333
2	3128362	0.633333
2	3128883	0.966667
2	3128923	0.0714286
2	3129088	0.0333333
2	3130872	0.954545
2	3131096	0
2	3133601	0
2	3133866	0
2	3134849	0.3
2	3135165	0.5
2	3136957	0
2	3137115	0.2
2	3137458	0
2	3138006	0
2	3138952	0
2	3142500	0.75
2	3143908	0
2	3146036	0.166667
2	3146730	0.863636
2	3146731	0.2
2	3147861	0
2	3147882	0
2	3148440	0
2	3149146	0.3
2	3149555	0.708333
2	3149987	0.357143
2	3151657	0.5
2	3151962	0.5625
2	3152466	0.176471
2	3152915	0.133333
2	3153038	0.147059
2	3153325	0.2
2	3153495	0.214286
2	3153837	0.176471
2	3153867	0.147059
2	3154063	0.0454545
2	3154098	0.192308
2	3154803	0.230769
2	3154950	0.192308
2	3155011	0.125
2	3155016	0.458333
2	3155258	0.111111
2	3155693	0.1875
2	3155801	0.25
2	3156098	0.0909091
2	3157264	0.0714286
2	3157513	0
2	3157805	0.15
2	3158471	0.0416667
2	3159105	0.147059
2	3159228	0.192308
2	3159514	0.133333
2	3159760	0.166667
2	3161627	0.176471
2	3161791	0.222222
2	3163738	0.0769231
2	3164699	0.2
2	3165406	0.0833333
2	3165407	0.0833333
2	3165725	0.15625
2	3166379	0.933333
2	3167125	0.852941
2	3167516	0.266667
2	3167764	0.125
2	3169034	0.133333
2	3170883	0.941176
2	3171394	0
2	3172438	0.59375
2	3172635	0.5
2	3172653	0.34375
2	3172686	0.866667
2	3172935	0
2	3173024	0.107143
2	3173377	0
2	3173565	0.529412
2	3173627	0.96875
2	3173721	0
2	3174321	0.0357143
2	3174850	0.833333
2	3174858	0.833333
2	3175376	0.0769231
2	3175992	0.558824
2	3176358	0.0333333
2	3177617	0.1
2	3178831	0.142857
2	3180126	0.0714286
2	3181062	0.03125
2	3181784	0.0625
2	3182777	0.0454545
2	3183752	0
2	3183930	0.0714286
2	3183956	0.970588
2	3185091	0.0833333
2	3185407	0.5
2	3185675	0.0588235
2	3187698	0.0454545
2	3188109	0.571429
2	3188333	0
2	3188755	0
2	3188893	0.0833333
2	3189164	0.692308
2	3189324	0.0384615
2	3189540	0.25
2	3189713	0.0769231
2	3190384	0.0769231
2	3190754	0
2	3190786	0.125
2	3190969	0
2	3192141	0.0625
2	3192427	0.0555556
2	3192798	0
2	3193040	0.533333
2	3194610	0
2	3195428	0
2	3196040	0
2	3196954	0.692308
2	3197387	0.117647
2	3198175	0.0625
2	3199025	0
2	3199057	0.0625
2	3199378	0
2	3199617	0.961538
2	3199626	0.1
2	3200391	0.0277778
2	3200948	0.0294118
2	3201249	0
2	3201417	0
2	3202068	0
2	3202073	0
2	3202080	0
2	3202468	0.142857
2	3203745	0
2	3203852	0
2	3203977	0
2	3204203	0.607143
2	3204308	0
2	3204318	0
2	3204480	0.653846
2	3204764	0
2	3204973	0.4
2	3205910	0
2	3206584	0
2	3207693	0
2	3207950	0
2	3208276	0
2	3208277	0
2	3208322	0.970588
2	3208926	0
2	3209162	0
2	3209424	0.6
2	3209598	0
2	3209744	0.0666667
2	3210196	0
2	3210727	0
2	3210912	0
2	3211291	0
2	3211757	0
2	3211790	0
2	3212105	0.0769231
2	3212247	0.666667
2	3212704	0.821429
2	3212817	0.607143
2	3213215	0.923077
2	3213676	0
2	3213822	0
2	3214217	0.136364
2	3214227	0.136364
2	3214395	0
2	3214893	0
2	3215503	0
2	3215593	0
2	3215844	0
2	3215862	0
2	3215904	0.666667
2	3215908	0.666667
2	3216290	0.411765
2	3216775	0
2	3216867	0
2	3217018	0.0454545
2	3217021	0.0454545
2	3217322	0
2	3217777	0
2	3217794	0
2	3217908	0
2	3218348	0
2	3219150	0
2	3219317	0
2	3219529	0
2	3219668	0
2	3219761	0.638889
2	3220709	0.53125
2	3221360	0
2	3221729	0
2	3221751	0
2	3221825	0.272727
2	3223885	0
2	3224086	0.03125
2	3225829	0
2	3227072	0
2	3227108	0
2	3227300	0
2	3227443	0
2	3227539	0
2	3227924	0
2	3228571	0.0555556
2	3228716	0.6875
2	3228958	0
2	3229805	0
2	3230146	0.666667
2	3230388	0
2	3230426	0.75
2	3231430	0
2	3231551	0.833333
2	3232201	0
2	3232757	0
2	3233425	0
2	3234007	0
2	3234108	0
2	3235146	0
2	3235533	0
2	3235979	0
2	3236201	0.633333
2	3236948	0.777778
2	3237419	0
2	3237444	0
2	3237875	0.571429
2	3238172	0
2	3238240	0
2	3238540	0
2	3238675	0
2	3238710	0.9375
2	3239021	0
2	3239039	0
2	3239695	0
2	3239946	0
2	3240087	0
2	3241058	0.0454545
2	3241309	0
2	3241422	0
2	3242034	0
2	3242462	0
2	3242559	0
2	3242679	0
2	3242751	0
2	3242858	0
2	3243238	0
2	3243299	0
2	3243474	0.1
2	3243694	0
2	3243725	0.0769231
2	3244896	0.05
2	3244946	0.0357143
2	3245158	0.666667
2	3245583	0.323529
2	3246515	0.96875
2	3246677	0
2	3246906	0
2	3246974	0
2	3247073	0.676471
2	3247198	0
2	3247274	0.75
2	3248401	0
2	3248464	0.352941
2	3248505	0.366667
2	3249259	0.357143
2	3249795	0.6
2	3249803	0.6
2	3249910	0.5
2	3249933	0.5
2	3250154	0.833333
2	3250248	0.428571
2	3250382	0.323529
2	3250997	0.533333
2	3251042	0.533333
2	3251219	0.5
2	3252294	0.388889
2	3252456	0.857143
2	3252636	0.566667
2	3252656	0.392857
2	3253642	0.766667
2	3254367	0.441176
2	3254777	0.46875
2	3255054	0.642857
2	3255080	0.535714
2	3256711	0
2	3257136	0.318182
2	3257158	0.5
2	3257163	0.5
2	3257281	0.40625
2	3257447	0.444444
2	3257667	0.423077
2	3257726	0.357143
2	3257916	0.46875
2	3258174	0.375
2	3258249	0
2	3258391	0.416667
2	3258591	0.40625
2	3258627	0.433333
2	3258742	0.366667
2	3259205	0.25
2	3260725	0.366667
2	3260741	0.285714
2	3260822	0.4
2	3262514	0.529412
2	3263619	0
2	3263621	0.928571
2	3263777	0.625
2	3263980	0.291667
2	3265390	0.794118
2	3265710	0.466667
2	3265893	0.411765
2	3267038	0.433333
2	3267052	0.382353
2	3267165	0
2	3267251	0
2	3268255	0.46875
2	3269034	0.5
2	3269165	0
2	3269482	0.5
2	3269721	0.285714
2	3270934	0
2	3271056	0.357143
2	3271738	0.545455
2	3272117	0.5
2	3272756	0.307692
2	3272847	0.4
2	3273950	0.392857
2	3274066	0.5
2	3274071	0.5
2	3275826	0.588235
2	3276255	0.4375
2	3277639	0.576923
2	3277794	0.441176
2	3277884	0.772727
2	3277947	0.59375
2	3279218	0.53125
2	3279283	0.25
2	3279328	0.705882
2	3279353	0.416667
2	3280408	0.466667
2	3280746	0.333333
2	3280842	0.40625
2	3281084	0.454545
2	3281276	0.46875
2	3281342	0.53125
2	3281452	0.7
2	3281624	0.5
2	3283277	0.333333
2	3283700	0.441176
2	3284086	0.333333
2	3284331	0.4
2	3284341	0.4
2	3285823	0.5625
2	3285871	0.65625
2	3286805	0.733333
2	3286856	0.625
2	3287283	0.733333
2	3287764	0.55
2	3288955	0.5
2	3292186	0.555556
2	3293385	0.7
2	3293567	0.882353
2	3293810	0.6875
2	3296506	0.8125
2	3297006	0.705882
2	3300622	0.75
2	3301361	0.833333
2	3302962	0.75
2	3303198	0.733333
2	3305635	0.75
2	3307694	0.7
2	3307968	0.666667
2	3308010	0.666667
2	3309800	0.5625
2	3309947	0.666667
2	3310062	0.5625
2	3310161	0.71875
2	3310640	0.9
2	3311400	0.676471
2	3312411	0.90625
2	3313428	0.75
2	3314207	0.9
2	3314219	0.875
2	3314220	0.875
2	3315058	0.6875
2	3315903	0.966667
2	3317142	0.75
2	3320068	0.818182
2	3320402	0.807692
2	3320502	0.6875
2	3321423	0.8
2	3322284	0.941176
2	3322470	0.692308
2	3322555	0.6875
2	3322797	0.7
2	3322905	0.8
2	3322907	0
2	3323025	0.84375
2	3323082	0.625
2	3323211	0.666667
2	3323391	0.6875
2	3324071	0.714286
2	3324169	0.75
2	3324196	0.84375
2	3324675	0.78125
2	3324847	0
2	3325148	0.714286
2	3325231	0.78125
2	3325241	0.78125
2	3325328	0.735294
2	3326203	0.611111
2	3326339	0.75
2	3326417	0.966667
2	3327366	0.730769
2	3328923	0.964286
2	3329395	0.785714
2	3329496	0.617647
2	3330156	0.821429
2	3330273	0.807692
2	3330438	0.84375
2	3330778	0.6
2	3330928	0.6
2	3331058	0.555556
2	3331259	0.833333
2	3331457	0.6875
2	3331718	0.730769
2	3333641	0.708333
2	3333799	0.71875
2	3334060	0.90625
2	3334174	0.71875
2	3335932	0.75
2	3336346	0.625
2	3336534	0.972222
2	3336868	0.647059
2	3336932	0.6
2	3336991	0.75
2	3337641	0.75
2	3337694	0.7
2	3338627	0.764706
2	3338845	0.678571
2	3338943	0.6
2	3339046	0.666667
2	3339334	0.807692
2	3339350	0.892857
2	3339483	0.78125
2	3339708	0.65625
2	3339822	0.78125
2	3340261	0.75
2	3340939	0.633333
2	3341567	0.6
2	3342009	0.722222
2	3342161	0.714286
2	3342614	0.8
2	3343393	0.964286
2	3344258	0.5625
2	3344332	0.676471
2	3344607	0.866667
2	3347314	0.666667
2	3347485	0.607143
2	3347938	0.692308
2	3348356	0.794118
2	3349061	0.6
2	3350342	0.882353
2	3351021	0.6875
2	3352345	0.638889
2	3352505	0.714286
2	3353102	0.678571
2	3353180	0.357143
2	3353528	0
2	3353787	0
2	3354400	0.766667
2	3355031	0.307692
2	3355032	0.307692
2	3355044	0
2	3355058	0.133333
2	3355347	0.766667
2	3356849	0.115385
2	3356953	0
2	3357699	0.647059
2	3357930	0.0666667
2	3357993	0
2	3358098	0.647059
2	3358120	0.722222
2	3358295	0.916667
2	3359779	0.777778
2	3359804	0.735294
2	3360198	0.964286
2	3360352	0.03125
2	3360406	0.735294
2	3361241	0.666667
2	3361739	0.75
2	3363111	0.75
2	3365105	0
2	3366645	0.807692
2	3366890	0.625
2	3367024	0.75
2	3367167	0.9375
2	3367571	0.714286
2	3367785	0.46875
2	3369049	0.75
2	3370608	0.769231
2	3370772	0.4
2	3370859	0.0833333
2	3371308	0
2	3371349	0.966667
2	3371491	0.821429
2	3371675	0.642857
2	3372198	0.966667
2	3372985	0.833333
2	3372994	0.833333
2	3373181	0.136364
2	3379176	0.8
2	3379514	0.805556
2	3379875	0.75
2	3380568	0.666667
2	3380662	0.857143
2	3380899	0.970588
2	3381189	0.805556
2	3382118	0.136364
2	3382440	0.318182
2	3382614	0.466667
2	3382624	0.666667
2	3382780	0.25
2	3382788	0.25
2	3382791	0.25
2	3383362	0.708333
2	3383538	0
2	3383662	0.5
2	3383957	0.5625
2	3384196	0.352941
2	3384825	0.266667
2	3385026	0.4375
2	3386050	0.8
2	3386425	0.454545
2	3386646	0.59375
2	3387126	0.5
2	3387445	0.807692
2	3387619	0.8
2	3389653	0.972222
2	3390076	0.764706
2	3392513	0.666667
2	3392514	0.666667
2	3395287	0.588235
2	3395383	0.694444
2	3395840	0.888889
2	3396838	0.821429
2	3397281	0.7
2	3397359	0.527778
2	3397377	0.638889
2	3398842	0.954545
2	3400609	0.735294
2	3401893	0.941176
2	3402324	0.818182
2	3402591	0.588235
2	3403318	0.666667
2	3403361	0.625
2	3403404	0.625
2	3404845	0.642857
2	3405851	0.676471
2	3406156	0.85
2	3406383	0.846154
2	3407832	0.833333
2	3408477	0.96875
2	3410618	0.78125
2	3411923	0.733333
2	3413016	0.75
2	3413551	0.65
2	3414029	0.588235
2	3414595	0.75
2	3414621	0.681818
2	3414869	0.941176
2	3415544	0.638889
2	3416074	0.75
2	3416206	0.75
2	3416818	0.964286
2	3417221	0.5625
2	3417446	0.566667
2	3417577	0.59375
2	3418561	0.791667
2	3418874	0.588235
2	3419011	0.7
2	3420013	0.638889
2	3420032	0.5
2	3421213	0.583333
2	3421801	0.428571
2	3421859	0.75
2	3421897	0.714286
2	3422170	0.529412
2	3422550	0.571429
2	3423201	0.6
2	3423695	0
2	3424145	0.911765
2	3425514	0.5
2	3425948	0.615385
2	3426281	0.694444
2	3426477	0.75
2	3428508	0.638889
2	3429456	0.647059
2	3431157	0.5
2	3432818	0.571429
2	3433368	0.75
2	3434332	0.555556
2	3437700	0.84375
2	3438054	0.65625
2	3438749	0.6875
2	3440183	0.5
2	3446097	0.7
2	3447827	0.59375
2	3448966	0.0769231
2	3451389	0.538462
2	3451479	0.9375
2	3451507	0.558824
2	3451704	0.59375
2	3454566	0.633333
2	3455692	0.647059
2	3459190	0.823529
2	3459371	0.333333
2	3459391	0.535714
2	3460660	0.96875
2	3461807	0.666667
2	3462444	0.794118
2	3464810	0.958333
2	3468856	0.807692
2	3469463	0.8125
2	3469702	0.90625
2	3470115	0.84375
2	3470124	0.84375
2	3470186	0.857143
2	3470254	0.882353
2	3470416	0.911765
2	3470534	0.916667
2	3470595	0.941176
2	3470995	0.882353
2	3471146	0.823529
2	3471549	0.928571
2	3471655	0.95
2	3471816	0.961538
2	3472220	0.96875
2	3472864	0.735294
2	3473652	0.944444
2	3473670	0.852941
2	3474647	0.833333
2	3474873	0.916667
2	3475399	0.96875
2	3476677	0.882353
2	3478452	0.888889
2	3479032	0
2	3480366	0.933333
2	3480563	0.833333
2	3481098	0.9
2	3481637	0.933333
2	3481659	0.821429
2	3481716	0.833333
2	3481857	0.8125
2	3483808	0.96875
2	3483813	0.90625
2	3484443	0.9375
2	3484729	0.958333
2	3488502	0.9
2	3491830	0.866667
2	3492065	0.954545
2	3492206	0.923077
2	3492232	0.923077
2	3492629	0
2	3492747	0.933333
2	3493355	0.833333
2	3494301	0.909091
2	3494322	0.821429
2	3494365	0.9
2	3494374	0.9
2	3494562	0.954545
2	3497187	0.96875
2	3497621	0.916667
2	3498184	0.714286
2	3498559	0.95
2	3498560	0.95
2	3498883	0.676471
2	3501567	0.823529
2	3502035	0.676471
2	3502055	0.735294
2	3502198	0.71875
2	3502398	0.733333
2	3502625	0.705882
2	3502709	0.71875
2	3502932	0.75
2	3503229	0.735294
2	3503230	0
2	3503244	0.75
2	3503269	0.8
2	3503309	0.53125
2	3504073	0.794118
2	3504687	0.785714
2	3504819	0.705882
2	3505417	0.791667
2	3505568	0.8
2	3505621	0.928571
2	3506519	0.769231
2	3506641	0.615385
2	3506980	0.846154
2	3507914	0.84375
2	3507915	0.84375
2	3507931	0.75
2	3508131	0.71875
2	3508567	0.727273
2	3509709	0.535714
2	3511044	0.75
2	3514161	0.705882
2	3514275	0.730769
2	3514549	0.625
2	3514710	0.735294
2	3514866	0.722222
2	3515708	0.266667
2	3516069	0.294118
2	3516085	0.3
2	3517373	0.3125
2	3519271	0.5
2	3519572	0.0714286
2	3519616	0.3125
2	3519839	0.333333
2	3520047	0.318182
2	3521051	0.384615
2	3523324	0.166667
2	3524024	0.40625
2	3524216	0.222222
2	3524310	0.875
2	3526603	0.45
2	3527027	0.285714
2	3527159	0.9375
2	3527368	0.34375
2	3527522	0.970588
2	3527789	0.941176
2	3528803	0.107143
2	3529018	0.590909
2	3529030	0.428571
2	3581514	0.5
2	3581912	0.78125
2	3582069	0.714286
2	3582351	0.888889
2	3586529	0.647059
2	3586971	0.735294
2	3589803	0.588235
2	3589945	0.75
2	3590294	0.970588
2	3592169	0.785714
2	3592329	0.78125
2	3594372	0.766667
2	3595834	0.59375
2	3599463	0.625
2	3599700	0.6
2	3600703	0.833333
2	3602408	0.633333
2	3602913	0.970588
2	3605468	0.5
2	3605528	0.55
2	3605538	0.55
2	3606585	0.642857
2	3606654	0
2	3607238	0.588235
2	3608521	0.75
2	3608756	0.333333
2	3609064	0.5
2	3610255	0
2	3611156	0.40625
2	3612267	0.875
2	3612396	0.5
2	3612844	0.733333
2	3613185	0.583333
2	3613392	0.818182
2	3614579	0.9375
2	3614765	0.888889
2	3615822	0.0384615
2	3616123	0.285714
2	3618891	0.125
2	3619468	0.384615
2	3621481	0
2	3623540	0.111111
2	3625038	0.972222
2	3626418	0.0357143
2	3627648	0.125
2	3630569	0.71875
2	3630701	0.6
2	3631216	0.416667
2	3631802	0.59375
2	3632442	0.692308
2	3632445	0.692308
2	3632474	0.766667
2	3632744	0.807692
2	3632773	0.866667
2	3634425	0.708333
2	3634753	0.7
2	3634850	0.852941
2	3635636	0.4
2	3636340	0.583333
2	3636478	0.5
2	3640142	0.833333
2	3641432	0.833333
2	3641961	0.833333
2	3642165	0.607143
2	3642361	0.666667
2	3645429	0.884615
2	3646145	0.588235
2	3647117	0.65625
2	3647733	0.9
2	3648186	0.65625
2	3648396	0.764706
2	3652280	0.966667
2	3652291	0.928571
2	3652616	0.0416667
2	3652844	0.125
2	3652864	0
2	3653279	0.0416667
2	3653576	0.115385
2	3653844	0
2	3654190	0
2	3654290	0.166667
2	3654784	0
2	3655327	0
2	3655352	0.0333333
2	3655353	0.0333333
2	3655421	0.90625
2	3655507	0
2	3655743	0.0357143
2	3655805	0
2	3655822	0
2	3655855	0
2	3656155	0.966667
2	3657268	0
2	3657454	0
2	3657590	0
2	3657624	0
2	3657655	0
2	3657707	0
2	3657729	0
2	3657731	0
2	3657905	0
2	3657967	0
2	3658031	0
2	3658032	0
2	3658132	0
2	3658521	0
2	3658563	0
2	3658567	0
2	3658674	0
2	3658882	0
2	3659300	0
2	3659564	0
2	3659816	0
2	3659826	0
2	3659838	0
2	3660004	0
2	3660134	0.821429
2	3660208	0
2	3660457	0
2	3660752	0.107143
2	3661181	0
2	3662002	0
2	3662060	0.0416667
2	3663038	0
2	3664319	0
2	3664469	0.115385
2	3664584	0.0333333
2	3665138	0
2	3665146	0
2	3665342	0
2	3665445	0
2	3665752	0
2	3665981	0.0625
2	3666339	0.733333
2	3666434	0.933333
2	3667871	0
2	3667996	0
2	3668126	0
2	3668657	0.166667
2	3669088	0.125
2	3669482	0
2	3672159	0.941176
2	3672560	0.3
2	3672865	0.25
2	3673510	0.9375
2	3673680	0.933333
2	3674461	0.272727
2	3674847	0.266667
2	3674922	0.269231
2	3675155	0.323529
2	3676218	0.666667
2	3678369	0.933333
2	3678968	0.307692
2	3679081	0.444444
2	3679123	0.307692
2	3679556	0.25
2	3682195	0.294118
2	3682981	0.772727
2	3683461	0
2	3683557	0.25
2	3683615	0.382353
2	3683718	0.25
2	3684342	0.1875
2	3684512	0.28125
2	3684859	0.318182
2	3684912	0.21875
2	3685046	0.285714
2	3685074	0.291667
2	3686594	0.888889
2	3687774	0.9375
2	3689705	0.882353
2	3690183	0.933333
2	3692498	0.214286
2	3693006	0.692308
2	3693659	0.861111
2	3694215	0.607143
2	3694541	0.5
2	3694832	0.266667
2	3694932	0.125
2	3694994	0.181818
2	3695870	0.1875
2	3696140	0.954545
2	3696636	0
2	3697987	0
2	3698328	0.958333
2	3698371	0.0384615
2	3698846	0
2	3698856	0
2	3698865	0
2	3699278	0.961538
2	3700123	0.916667
2	3701464	0.928571
2	3702046	0
2	3703959	0.944444
2	3704830	0.964286
2	3705195	0.96875
2	3705291	0.941176
2	3705982	0.96875
2	3706055	0.823529
2	3707423	0.875
2	3708685	0.9375
2	3708966	0.972222
2	3710463	0.9375
2	3710806	0.961538
2	3711471	0.941176
2	3711919	0.933333
2	3714966	0.96875
2	3714967	0.96875
2	3715015	0.923077
2	3715071	0.9375
2	3715151	0.944444
2	3715327	0.916667
2	3715832	0.9
2	3717523	0.84375
2	3718393	0.892857
2	3718646	0.90625
2	3718655	0.90625
2	3720812	0.96875
2	3721353	0.964286
2	3721632	0.90625
2	3721936	0.9375
2	3722250	0.875
2	3723026	0.178571
2	3723552	0.142857
2	3723557	0.142857
2	3725374	0.9375
2	3725964	0.970588
2	3726163	0.966667
2	3726608	0
2	3727000	0.9375
2	3730340	0.857143
2	3731978	0.941176
2	3733944	0.944444
2	3733963	0.966667
2	3735180	0.90625
2	3735826	0.923077
2	3739241	0.911765
2	3739364	0.9375
2	3742156	0.941176
2	3744357	0.78125
2	3746760	0.964286
2	3748278	0.9375
2	3748971	0.970588
2	3749084	0.941176
2	3749267	0.972222
2	3750503	0.9
2	3752410	0.727273
2	3753298	0.733333
2	3754240	0.764706
2	3756073	0.764706
2	3757512	0.794118
2	3758128	0.75
2	3758221	0.75
2	3758225	0.75
2	3759203	0.65625
2	3759204	0.65625
2	3759830	0.78125
2	3761029	0.791667
2	3761132	0.676471
2	3761857	0.821429
2	3761991	0.666667
2	3761999	0.666667
2	3763411	0.861111
2	3763618	0.892857
2	3764784	0.805556
2	3764796	0.8125
2	3765031	0.821429
2	3765348	0.705882
2	3765362	0.705882
2	3766261	0.71875
2	3767838	0.75
2	3767991	0.705882
2	3768555	0.911765
2	3768627	0.7
2	3769493	0.764706
2	3771517	0.9375
2	3771892	0.653846
2	3772101	0
2	3772338	0.346154
2	3772952	0.818182
2	3773000	0.1875
2	3774436	0
2	3774448	0.392857
2	3774519	0
2	3774788	0.727273
2	3775086	0.384615
2	3775118	0.6
2	3775794	0.6875
2	3776266	0
2	3776635	0.5
2	3776707	0.794118
2	3777463	0.9375
2	3777998	0.0714286
2	3778237	0.142857
2	3778858	0.15625
2	3779094	0.1875
2	3779158	0.125
2	3779184	0.147059
2	3779699	0.1
2	3780595	0.647059
2	3780879	0.642857
2	3780896	0.5
2	3781312	0.5
2	3781581	0
2	3781643	0.166667
2	3781891	0.769231
2	3782431	0.911765
2	3782675	0.0769231
2	3783688	0.111111
2	3783716	0.192308
2	3784672	0.735294
2	3785030	0.181818
2	3786859	0.125
2	3787441	0.9375
2	3787535	0.181818
2	3789315	0.583333
2	3789383	0.166667
2	3789604	0.96875
2	3792160	0.230769
2	3792231	0.911765
2	3792629	0.0909091
2	3793243	0.147059
2	3793883	0
2	3794030	0.90625
2	3794065	0.0714286
2	3794523	0.5
2	3794696	0.333333
2	3794896	0.615385
2	3796132	0.6
2	3796922	0.9375
2	3798267	0.923077
2	3798725	0.0714286
2	3799050	0.75
2	3799410	0.375
2	3799594	0.1
2	3799856	0.3
2	3800095	0.882353
2	3800383	0.233333
2	3800496	0.233333
2	3801681	0.176471
2	3803328	0.705882
2	3804197	0.735294
2	3804540	0.972222
2	3807016	0.214286
2	3807590	0.115385
2	3808212	0.666667
2	3809418	0.735294
2	3810013	0.794118
2	3810612	0.884615
2	3810923	0.681818
2	3810939	0.357143
2	3811514	0.6875
2	3812539	0
2	3812716	0.647059
2	3813083	0.117647
2	3813107	0.125
2	3813803	0.0416667
2	3814045	0.90625
2	3814306	0.0882353
2	3814425	0.676471
2	3814599	0.833333
2	3814614	0.583333
2	3814647	0.916667
2	3814710	0.142857
2	3814727	0.727273
2	3815250	0.178571
2	3815477	0.857143
2	3815767	0.125
2	3815951	0.861111
2	3816759	0.633333
2	3817351	0.8125
2	3817382	0.678571
2	3817487	0.807692
2	3817590	0.708333
2	3817635	0.59375
2	3817940	0.735294
2	3818194	0.75
2	3818318	0.75
2	3818350	0.666667
2	3818411	0.892857
2	3818457	0.875
2	3818523	0.533333
2	3818623	0.571429
2	3818947	0.352941
2	3819042	0.666667
2	3819422	0.625
2	3819474	0.8
2	3819558	0.705882
2	3820088	0.9
2	3820113	0.678571
2	3820159	0.705882
2	3820193	0.78125
2	3820204	0.633333
2	3820454	0.4375
2	3820672	0.352941
2	3820739	0.464286
2	3820763	0.766667
2	3820787	0.576923
2	3820821	0.791667
2	3820862	0.428571
2	3820915	0.363636
2	3820916	0.363636
2	3821117	0.428571
2	3821252	0.75
2	3821280	0.4
2	3821508	0.428571
2	3821602	0
2	3822170	0.846154
2	3822317	0.933333
2	3822442	0.5
2	3823705	0.46875
2	3823786	0.533333
2	3823821	0.366667
2	3823894	0.911765
2	3823965	0.466667
2	3824046	0.923077
2	3824123	0.882353
2	3824135	0.583333
2	3824222	0.529412
2	3824297	0.4375
2	3824567	0.375
2	3824683	0.615385
2	3825339	0.65625
2	3825467	0.346154
2	3825973	0.888889
2	3826142	0.464286
2	3826324	0.40625
2	3826387	0.529412
2	3826597	0.466667
2	3826867	0.916667
2	3826965	0.678571
2	3827295	0.892857
2	3827425	0.4
2	3827524	0.7
2	3827630	0.352941
2	3827772	0.566667
2	3827839	0.576923
2	3827858	0.882353
2	3827859	0.882353
2	3827891	0.46875
2	3827928	0.764706
2	3828024	0.928571
2	3828505	0.764706
2	3828943	0.882353
2	3829098	0.78125
2	3829479	0.794118
2	3830595	0.7
2	3830906	0.733333
2	3832358	0.264706
2	3835454	0.78125
2	3836058	0.529412
2	3836634	0.571429
2	3836721	0.875
2	3836760	0.714286
2	3836782	0.458333
2	3836833	0.666667
2	3836862	0.866667
2	3836887	0.8125
2	3836924	0.96875
2	3836994	0.852941
2	3837127	0
2	3837303	0.733333
2	3837575	0.611111
2	3837768	0.833333
2	3837770	0.833333
2	3838080	0.9
2	3838226	0.794118
2	3838940	0.566667
2	3839018	0.705882
2	3839131	0.8
2	3839147	0.75
2	3839523	0.9
2	3840545	0.28125
2	3840816	0.84375
2	3841136	0.888889
2	3841420	0.764706
2	3841675	0.861111
2	3841699	0.555556
2	3841720	0.833333
2	3848031	0.941176
2	3848532	0.785714
2	3849468	0.833333
2	3849512	0.730769
2	3849806	0.823529
2	3849871	0.90625
2	3849951	0.59375
2	3850090	0.46875
2	3850305	0.892857
2	3850943	0.75
2	3851381	0.366667
2	3851675	0.323529
2	3851690	0.705882
2	3851763	0.764706
2	3852017	0.794118
2	3852264	0.9
2	3852663	0.9375
2	3853035	0.866667
2	3853962	0.266667
2	3854169	0.807692
2	3854464	0.75
2	3854501	0.266667
2	3854528	0.642857
2	3854573	0.733333
2	3854600	0.84375
2	3854772	0.846154
2	3854938	0.866667
2	3854942	0.8
2	3854959	0.9
2	3854971	0.766667
2	3855020	0.361111
2	3855060	0.805556
2	3855147	0.875
2	3855183	0.833333
2	3855896	0.291667
2	3856182	0.125
2	3856650	0.833333
2	3857922	0.5
2	3859061	0.583333
2	3859724	0.8
2	3859974	0.555556
2	3860846	0.333333
2	3861038	0.333333
2	3861069	0.681818
2	3862162	0.678571
2	3862461	0.791667
2	3862738	0.676471
2	3863117	0.833333
2	3863175	0.954545
2	3863821	0.857143
2	3866442	0.333333
2	3866527	0.636364
2	3867013	0.357143
2	3867178	0.875
2	3868113	0.357143
2	3868533	0.2
2	3869051	0.78125
2	3869060	0.617647
2	3869559	0.433333
2	3870470	0.576923
2	3871006	0.9375
2	3871072	0.911765
2	3871186	0.65625
2	3871222	0.852941
2	3871738	0.71875
2	3872218	0.875
2	3872434	0.388889
2	3872782	0.823529
2	3873199	0.65625
2	3873200	0.84375
2	3873414	0.735294
2	3874363	0.933333
2	3874580	0.733333
2	3874837	0.566667
2	3875115	0.911765
2	3875367	0.1875
2	3875628	0
2	3876523	0
2	3877140	0.571429
2	3877332	0.923077
2	3877393	0.617647
2	3877557	0.433333
2	3877747	0.8
2	3877813	0.9
2	3877874	0.392857
2	3878767	0.970588
2	3878923	0.636364
2	3879052	0.5625
2	3879395	0.884615
2	3879495	0.4375
2	3879533	0.733333
2	3879608	0.647059
2	3879702	0.84375
2	3879760	0.647059
2	3880179	0.933333
2	3880340	0.6875
2	3880436	0.633333
2	3880466	0.625
2	3880597	0.75
2	3880708	0.805556
2	3880712	0.705882
2	3881038	0.71875
2	3881424	0.4375
2	3881681	0.25
2	3881891	0.333333
2	3882007	0.233333
2	3882061	0.382353
2	3882074	0.916667
2	3882077	0.411765
2	3882177	0.588235
2	3882855	0.653846
2	3883127	0.861111
2	3883293	0.653846
2	3883702	0.90625
2	3884248	0.75
2	3884325	0.555556
2	3884528	0.964286
2	3885054	0.321429
2	3887180	0.71875
2	3887943	0.933333
2	3888407	0.733333
2	3888566	0.205882
2	3888638	0.205882
2	3889201	0.714286
2	3889351	0.454545
2	3890129	0.382353
2	3890350	0.678571
2	3890627	0.78125
2	3891185	0.9375
2	3891228	0.84375
2	3891257	0.90625
2	3891773	0.875
2	3891792	0.09375
2	3892465	0.6875
2	3892801	0.411765
2	3893429	0.727273
2	3893504	0.71875
2	3894213	0.5
2	3894559	0.208333
2	3895006	0.794118
2	3895110	0.714286
2	3895117	0.9
2	3895405	0.653846
2	3896398	0.117647
2	3896414	0.972222
2	3896544	0.916667
2	3896630	0.75
2	3898745	0.647059
2	3898938	0.84375
2	3898976	0.882353
2	3899617	0.71875
2	3901729	0.911765
2	3902148	0.233333
2	3902926	0.722222
2	3903265	0.392857
2	3903993	0.735294
2	3904307	0.882353
2	3904446	0.166667
2	3904519	0.866667
2	3904530	0.9375
2	3904593	0.423077
2	3904600	0.766667
2	3904709	0.911765
2	3905000	0.633333
2	3905179	0.821429
2	3905355	0.153846
2	3905697	0.875
2	3905742	0.794118
2	3905918	0.84375
2	3905982	0.533333
2	3906661	0.3
2	3906691	0.45
2	3907217	0.25
2	3907351	0.633333
2	3909150	0.34375
2	3910225	0.861111
2	3910631	0.692308
2	3910748	0.833333
2	3910803	0.794118
2	3911254	0.233333
2	3911670	0.8125
2	3911674	0.78125
2	3911678	0.666667
2	3911682	0.833333
2	3912784	0.923077
2	3912820	0
2	3913045	0.681818
2	3913217	0.866667
2	3913662	0
2	3914206	0.533333
2	3914326	0.961538
2	3914727	0.861111
2	3914743	0.571429
2	3914785	0.730769
2	3915683	0
2	3915801	0.90625
2	3916064	0.833333
2	3918000	0.75
2	3918124	0.294118
2	3918258	0.25
2	3918438	0.375
2	3918477	0.25
2	3919627	0.964286
2	3920189	0
2	3920621	0
2	3921535	0
2	3921585	0.147059
2	3921722	0.0333333
2	3921908	0.147059
2	3922066	0.821429
2	3922214	0.269231
2	3922666	0.0294118
2	3922949	0.777778
2	3923169	0.235294
2	3923606	0.264706
2	3923639	0.264706
2	3924026	0.861111
2	3924073	0.823529
2	3924333	0.966667
2	3924349	0.961538
2	3926375	0
2	3927175	0.821429
2	3927240	0.5
2	3927510	0.676471
2	3927573	0
2	3928737	0.466667
2	3928892	0.269231
2	3929278	0.615385
2	3929722	0.861111
2	3933857	0.269231
2	3933885	0
2	3934450	0
2	3935224	0.5
2	3937219	0.75
2	3937394	0.666667
2	3937449	0.777778
2	3938038	0.538462
2	3938374	0.285714
2	3938971	0.823529
2	3940000	0.75
2	3940050	0.678571
2	3940597	0
2	3940814	0.785714
2	3941127	0.961538
2	3941974	0.458333
2	3942537	0.5
2	3942627	0.558824
2	3942631	0.558824
2	3942701	0.892857
2	3944803	0.916667
2	3945025	0.3
2	3945475	0.166667
2	3947654	0.866667
2	3948654	0.970588
2	3948708	0.735294
2	3948987	0.78125
2	3949482	0.65625
2	3949580	0.78125
2	3950071	0.0666667
2	3950282	0.5
2	3951359	0.714286
2	3951365	0.464286
2	3951527	0.733333
2	3951640	0.6875
2	3951914	0.777778
2	3952019	0.714286
2	3952385	0.533333
2	3953682	0.735294
2	3954077	0.409091
2	3954420	0.764706
2	3954700	0.681818
2	3955027	0
2	3955322	0.888889
2	3956142	0.777778
2	3956558	0.85
2	3956698	0.633333
2	3957337	0.416667
2	3958509	0.970588
2	3959260	0.617647
2	3959366	0.5
2	3959673	0.5
2	3959927	0.653846
2	3960135	0.607143
2	3960186	0.821429
2	3960187	0.821429
2	3960750	0.8
2	3960947	0.588235
2	3961117	0.821429
2	3961425	0.861111
2	3961622	0.676471
2	3961903	0.733333
2	3962185	0.75
2	3962839	0.8125
2	3962933	0.535714
2	3963163	0.821429
2	3963166	0.857143
2	3963625	0.735294
2	3963865	0.6
2	3964932	0.875
2	3965072	0.735294
2	3965776	0.75
2	3966440	0.794118
2	3967117	0.78125
2	3967752	0.53125
2	3967845	0.535714
2	3967856	0.464286
2	3968451	0.636364
2	3968641	0.966667
2	3968663	0.84375
2	3969066	0.9
2	3969331	0.558824
2	3969549	0.53125
2	3969551	0.8125
2	3970468	0.269231
2	3970561	0.464286
2	3971145	0.607143
2	3971990	0.708333
2	3972403	0.529412
2	3972764	0.352941
2	3973040	0.90625
2	3973182	0.642857
2	3973423	0.875
2	3973752	0.882353
2	3974358	0.607143
2	3975242	0.764706
2	3975650	0.333333
2	3976308	0.8
2	3977566	0
2	3977950	0.6875
2	3978206	0.625
2	3978214	0.59375
2	3978485	0.807692
2	3978635	0.647059
2	3979199	0.166667
2	3980250	0.555556
2	3980305	0.777778
2	3980376	0.45
2	3981118	0.625
2	3981393	0.590909
2	3983209	0.5
2	3983963	0.321429
2	3984264	0.388889
2	3985143	0.615385
2	3985218	0.416667
2	3986911	0.409091
2	3987288	0.666667
2	3987476	0.233333
2	3988164	0.321429
2	3988371	0.633333
2	3988385	0.633333
2	3988828	0.791667
2	3989662	0.75
2	3990785	0.538462
2	3990908	0.625
2	3991099	0.933333
2	3991471	0.576923
2	3993445	0.647059
2	3993741	0
2	3994038	0.25
2	3994098	0.357143
2	3994446	0.722222
2	3994639	0.388889
2	3994730	0.454545
2	3995230	0.95
2	3996049	0.714286
2	3996234	0.375
2	3996266	0.333333
2	3996395	0.676471
2	3996512	0.382353
2	3996533	0.333333
2	3996969	0.6
2	3997016	0.735294
2	3997101	0.464286
2	3997775	0.607143
2	3997801	0.285714
2	3997876	0.466667
2	3997948	0.65
2	3999511	0.433333
2	3999846	0.346154
