chr13	28035854	T	C	210.96
chr13	28035860	T	C	210.96
chr10	87931195	T	TTTATC	166.10
chr13	32355250	T	C	151.97
chr19	12943961	A	G	143.96
chr19	12943967	G	T	143.96
chr7	148807762	A	AGACTT	121.80
chr13	28035688	A	G	117.96
chrX	1466607	T	C	117.96
chr13	28035709	A	T	85.14
chr13	28061947	G	A	85.14
chr13	48476876	C	T	85.14
chr4	54285544	C	A	85.14
chr4	47491238	A	G	78.32
chr4	47491240	A	G	78.32
chr5	150117614	T	C	78.32
chr5	150117648	C	T	78.32
chr17	7676323	GCCCC	G	78.28
chr17	7676330	AGCCCTCCAGGTC	A	78.28
chr2	197392575	G	GGC	78.28
chr4	54263994	ATTT	A	78.28
chr7	148807814	TAAAAA	T	73.61
chr13	32340868	G	C	70.84
chr13	28100546	C	T	70.64
chr13	28100571	C	T	70.64
chr19	33301842	G	A	66.32
chr19	33301863	C	T	66.32
chr7	50400147	CT	C	64.60
chr2	197417071	G	GC	63.28
chr5	150126711	TC	T	63.28
chr17	43092727	T	C	61.64
chr17	43092728	TC	T	61.60
chr7	50376728	GT	G	61.60
chr11	118481707	TC	T	59.28
chr11	32430694	GC	G	59.28
chr13	28037322	CA	C	55.60
chr17	43070910	A	AC	55.60
chr17	43092164	C	CAGCGCCCCCTACGCGCGGGGCAG	55.60
chr7	140754168	C	CA	55.28
chr13	28050179	CT	C	54.28
chr17	43047547	G	GC	51.60
chr13	32338918	A	G	49.32
chr7	140850197	GT	G	45.60
chr13	32319060	AT	A	45.28
chr13	32333398	CT	C	44.28
chr13	48380146	CT	C	44.28
chr7	148846601	TA	T	44.28
chr2	197401752	AT	A	42.60
chr13	28023312	CT	C	41.60
chr11	118498550	TA	T	40.28
